noise_config,Hits@1,MRR,Macro Precision,Macro Recall,Macro F1,Micro Precision,Micro Recall,Micro F1,Accuracy,Golden Accuracy
clean,0.3333333333333333,0.4440476190476191,0.45,0.5,0.47368421052631576,0.9,0.9,0.9,0.9,0.0
white_20.0,0.3333333333333333,0.4371362433862434,0.45,0.5,0.47368421052631576,0.9,0.9,0.9,0.9,0.0
white_15.0,0.3333333333333333,0.43783068783068785,0.45,0.5,0.47368421052631576,0.9,0.9,0.9,0.9,0.0
white_10.0,0.3333333333333333,0.44050925925925927,0.45,0.5,0.47368421052631576,0.9,0.9,0.9,0.9,0.0
white_5.0,0.25,0.41412037037037036,0.45,0.5,0.47368421052631576,0.9,0.9,0.9,0.9,0.0
reverb_20.0,0.25,0.3856481481481482,0.45,0.5,0.47368421052631576,0.9,0.9,0.9,0.9,0.0
reverb_15.0,0.25,0.39699074074074076,0.45,0.5,0.47368421052631576,0.9,0.9,0.9,0.9,0.0
reverb_10.0,0.25,0.39282407407407405,0.45,0.5,0.47368421052631576,0.9,0.9,0.9,0.9,0.0
reverb_5.0,0.3333333333333333,0.45370370370370366,0.45,0.5,0.47368421052631576,0.9,0.9,0.9,0.9,0.0
