noise_config,Hits@1,MRR,Macro Precision,Macro Recall,Macro F1,Micro Precision,Micro Recall,Micro F1,Accuracy,Golden Accuracy
clean,0.3333333333333333,0.4471951659451659,0.45454545454545453,0.5,0.47619047619047616,0.9090909090909091,0.9090909090909091,0.9090909090909091,0.9090909090909091,0.0
white_20.0,0.08333333333333333,0.259232202982203,0.45454545454545453,0.5,0.47619047619047616,0.9090909090909091,0.9090909090909091,0.9090909090909091,0.9090909090909091,0.0
white_15.0,0.08333333333333333,0.27173220298220296,0.45454545454545453,0.5,0.47619047619047616,0.9090909090909091,0.9090909090909091,0.9090909090909091,0.9090909090909091,0.0
white_10.0,0.08333333333333333,0.24596861471861473,0.45454545454545453,0.5,0.47619047619047616,0.9090909090909091,0.9090909090909091,0.9090909090909091,0.9090909090909091,0.0
white_5.0,0.08333333333333333,0.2732473544973545,0.45454545454545453,0.5,0.47619047619047616,0.9090909090909091,0.9090909090909091,0.9090909090909091,0.9090909090909091,0.0
reverb_20.0,0.16666666666666666,0.3411766474266474,0.45454545454545453,0.5,0.47619047619047616,0.9090909090909091,0.9090909090909091,0.9090909090909091,0.9090909090909091,0.0
reverb_15.0,0.16666666666666666,0.332248075998076,0.45454545454545453,0.5,0.47619047619047616,0.9090909090909091,0.9090909090909091,0.9090909090909091,0.9090909090909091,0.0
reverb_10.0,0.08333333333333333,0.2774500962000962,0.45454545454545453,0.5,0.47619047619047616,0.9090909090909091,0.9090909090909091,0.9090909090909091,0.9090909090909091,0.0
reverb_5.0,0.08333333333333333,0.2868416305916306,0.45454545454545453,0.5,0.47619047619047616,0.9090909090909091,0.9090909090909091,0.9090909090909091,0.9090909090909091,0.0
